{
  "logistic_regression": {
    "accuracy": 0.8968253968253969,
    "auc": 0.9207517738591184,
    "precision": 0.8920246305418719,
    "recall": 0.8968253968253969,
    "f1": 0.8821356728194392,
    "mcc": 0.5509047964827836
  },
  "decision_tree": {
    "accuracy": 0.926984126984127,
    "auc": 0.8673362628164888,
    "precision": 0.9264070603773896,
    "recall": 0.926984126984127,
    "f1": 0.9266802209605647,
    "mcc": 0.7221310923316494
  },
  "naive_bayes_gaussian": {
    "accuracy": 0.7380952380952381,
    "auc": 0.8986094466320454,
    "precision": 0.8783399667520114,
    "recall": 0.7380952380952381,
    "f1": 0.772747360355577,
    "mcc": 0.45355276340886874
  },
  "random_forest": {
    "accuracy": 0.9650793650793651,
    "auc": 0.9877209001502787,
    "precision": 0.9644559522110541,
    "recall": 0.9650793650793651,
    "f1": 0.964474738247488,
    "mcc": 0.8647556156318591
  },
  "xgboost": {
    "accuracy": 0.9603174603174603,
    "auc": 0.992181704046111,
    "precision": 0.9604878706199461,
    "recall": 0.9603174603174603,
    "f1": 0.9603984646539552,
    "mcc": 0.8508250392273519
  },
  "knn": {
    "accuracy": 0.9555555555555556,
    "auc": 0.9680324906313607,
    "precision": 0.9552194348271794,
    "recall": 0.9555555555555556,
    "f1": 0.9553705692803439,
    "mcc": 0.8308909747531027
  }
}